Company Name: Stripe | Description: Payments infrastructure for the internet. | Company Website: stripe.com | Available Jobs: True 
Company Name: Instacart | Description: Marketplace for grocery delivery and pickup | Company Website: instacart.com | Available Jobs: True 
Company Name: Cruise | Description: Self-driving cars. | Company Website: getcruise.com | Available Jobs: True 
Company Name: OpenSea | Description: The world's largest NFT marketplace. | Company Website: opensea.io | Available Jobs: True 
Company Name: Faire | Description: A one-stop shop for wholesale. | Company Website: faire.com | Available Jobs: True 
Company Name: Brex | Description: The financial operating system for the next generation of business. | Company Website: brex.com | Available Jobs: True 
Company Name: Deel | Description: Payroll, HR, compliance, perks, and benefits for global teams | Company Website: deel.com | Available Jobs: True 
Company Name: Rippling | Description: Magically Simplify Your HR & IT | Company Website: rippling.com | Available Jobs: True 
Company Name: Reddit | Description: The frontpage of the internet. | Company Website: reddit.com | Available Jobs: True 
Company Name: Gusto | Description: Provides growing businesses with everything to take care of their team | Company Website: gusto.com | Available Jobs: True 
Company Name: Flexport | Description: Platform for global logistics. | Company Website: flexport.com | Available Jobs: True 
Company Name: Razorpay | Description: A full stack payments and neobanking platform for businesses in India. | Company Website: razorpay.com | Available Jobs: True 
Company Name: Scale AI | Description: End-to-end solutions for the entire ML lifecycle | Company Website: scale.com | Available Jobs: True 
Company Name: Benchling | Description: Unlocking the power of biotech with modern software for modern science | Company Website: benchling.com | Available Jobs: True 
Company Name: Fivetran | Description: The global leader in modern data integration  | Company Website: fivetran.com | Available Jobs: True 
Company Name: Rappi | Description: On-demand delivery and financial services for Latin America. | Company Website: rappi.com | Available Jobs: True 
Company Name: Checkr | Description: A new era of background checks. | Company Website: checkr.com | Available Jobs: True 
Company Name: Zapier | Description: The easiest way to automate your work. | Company Website: zapier.com | Available Jobs: True 
Company Name: Meesho | Description: Enabling anyone in India to start a business without an investment. | Company Website: meesho.com | Available Jobs: True 
Company Name: Monzo Bank | Description: A bank as smart as your phone. | Company Website: monzo.com | Available Jobs: True 
Company Name: Relativity Space | Description: Building humanity‚Äôs multiplanetary future. | Company Website: relativityspace.com | Available Jobs: True 
Company Name: Whatnot | Description: Livestream shopping platform and marketplace. | Company Website: whatnot.com | Available Jobs: True 
Company Name: Webflow | Description: Professional website design and publishing platform.  | Company Website: webflow.com | Available Jobs: True 
Company Name: MessageBird | Description: The world‚Äôs largest omnichannel communications platform | Company Website: messagebird.com | Available Jobs: True 
Company Name: Flock Safety | Description: Public safety operating system disrupting the status quo | Company Website: flocksafety.com | Available Jobs: True 
Company Name: Convoy | Description: The world's most efficient digital freight network. | Company Website: convoy.com | Available Jobs: True 
Company Name: EquipmentShare | Description: Cloud solutions for the construction industry. | Company Website: equipmentshare.com | Available Jobs: True 
Company Name: GOAT Group | Description: Platform for the greatest products from the past, present and future. | Company Website: goat.com | Available Jobs: True 
Company Name: Retool | Description: Build internal tools fast. | Company Website: retool.com | Available Jobs: True 
Company Name: GrubMarket | Description: Delivers direct from the‚Å£ farm to your door. | Company Website: grubmarket.com | Available Jobs: True 
Company Name: Segment | Description: Software and APIs to collect, clean, and control customer data. | Company Website: segment.com | Available Jobs: False 
Company Name: Ironclad | Description: Digital contracting platform for legal teams.   | Company Website: ironcladapp.com | Available Jobs: True 
Company Name: Flutterwave | Description: Helping businesses make and accept payments from anywhere in Africa. | Company Website: flutterwave.com | Available Jobs: True 
Company Name: Podium | Description: An interaction and payments platform for local businesses. | Company Website: podium.com | Available Jobs: True 
Company Name: Xendit | Description: Provides payment infrastructure for Indonesia and Southeast Asia. | Company Website: xendit.co | Available Jobs: True 
Company Name: Groww | Description: Investing made simple for everyone in India. | Company Website: groww.in | Available Jobs: True 
Company Name: Outschool | Description: A live online learning platform that empowers kids ages 3‚Äì18. | Company Website: outschool.com | Available Jobs: True 
Company Name: Lattice | Description: Modern performance management software.  | Company Website: lattice.com | Available Jobs: True 
Company Name: Helion Energy | Description: First to Fusion | Company Website: helionenergy.com | Available Jobs: True 
Company Name: GoCardless | Description: The first global network for recurring payments. | Company Website: gocardless.com | Available Jobs: True 
Company Name: Algolia | Description: A developer-friendly and enterprise-grade search API. | Company Website: algolia.com | Available Jobs: True 
Company Name: Newfront | Description: Modern insurance brokerage. | Company Website: newfront.com | Available Jobs: True 
Company Name: Solugen | Description: Decarbonizing the chemicals industry. | Company Website: solugen.com | Available Jobs: True 
Company Name: Go1 | Description: A learning platform that enables you to train your staff or customers. | Company Website: go1.com | Available Jobs: True 
Company Name: Docker | Description: App store for server configurations. | Company Website: docker.com | Available Jobs: True 
Company Name: Jeeves | Description: International banking infrastructure for global startups. | Company Website: tryjeeves.com | Available Jobs: False 
Company Name: Modern Treasury | Description: Payment operations tools for money movement. | Company Website: moderntreasury.com | Available Jobs: True 
Company Name: Vetcove | Description: Powering the animal health supply chain. | Company Website: vetcove.com | Available Jobs: True 
Company Name: ShipBob | Description: Providing Amazon level logistics to e-commerce businesses.  | Company Website: shipbob.com | Available Jobs: True 
Company Name: Opentrons | Description: We make robots for biologists.  | Company Website: opentrons.com | Available Jobs: True 
Company Name: Sift | Description: Digital trust and safety suite for businesses. | Company Website: sift.com | Available Jobs: True 
Company Name: Wave | Description: Mobile money app for Africa | Company Website: wave.com | Available Jobs: True 
Company Name: Front | Description: Collaborative hub for customer communication. | Company Website: front.com | Available Jobs: True 
Company Name: Vanta | Description: Automated security and compliance for startups. | Company Website: vanta.com | Available Jobs: True 
Company Name: Truepill | Description: API-connected healthcare infrastructure. | Company Website: truepill.com | Available Jobs: True 
Company Name: Pave | Description: Plan, communicate, and benchmark your compensation in real-time. | Company Website: pave.com | Available Jobs: True 
Company Name: Prometheus | Description: We use solar and wind power to make zero net carbon electrofuels | Company Website: prometheusfuels.com | Available Jobs: True 
Company Name: Mux | Description: APIs to build better video. | Company Website: mux.com | Available Jobs: True 
Company Name: Jasper.ai | Description: Jasper is a leader in creating content using Artificial Intelligence | Company Website: jasper.ai | Available Jobs: True 
Company Name: Athelas | Description: #1 Remote Patient Monitoring Platform | Company Website: athelas.com | Available Jobs: True 
Company Name: Snapdocs | Description: Snapdocs digitizes real estate closings | Company Website: snapdocs.com | Available Jobs: True 
Company Name: EasyPost | Description: The shipping infrastructure of the internet. | Company Website: easypost.com | Available Jobs: True 
Company Name: Apollo | Description: Apollo helps engineering teams accelerate delivery | Company Website: apollographql.com | Available Jobs: True 
Company Name: Mashgin | Description: Self-Checkout using Computer Vision. | Company Website: mashgin.com | Available Jobs: True 
Company Name: NimbleRx | Description: On-demand prescription delivery. | Company Website: nimblerx.com | Available Jobs: True 
Company Name: Veriff | Description: Highly-automated online identity verification services | Company Website: veriff.com | Available Jobs: True 
Company Name: Airbyte | Description: Open-source EL(T) platform | Company Website: airbyte.io | Available Jobs: True 
Company Name: Papa | Description: One-stop-shop for flexible family care | Company Website: papa.com | Available Jobs: True 
Company Name: Salt Security | Description: Protects organizations from getting breached through their APIs. | Company Website: salt.security | Available Jobs: True 
Company Name: Astranis | Description: The next generation of internet satellites. | Company Website: astranis.com | Available Jobs: True 
Company Name: Clipboard Health | Description: Connects healthcare facilities with nurses nearby. | Company Website: culture.clipboardhealth.com | Available Jobs: True 
Company Name: CoinTracker | Description: The gold standard in cryptocurrency portfolio tracking and taxes | Company Website: cointracker.com | Available Jobs: True 
Company Name: Truebill | Description: Live your best financial life | Company Website: truebill.com | Available Jobs: True 
Company Name: CaptivateIQ | Description: A no-code SaaS solution to manage and track sales commissions. | Company Website: captivateiq.com | Available Jobs: True 
Company Name: ClassDojo | Description: Community and collaboration platform for K-8 schools and families | Company Website: classdojo.com | Available Jobs: True 
Company Name: Gem | Description: The platform for modern recruiting. | Company Website: gem.com | Available Jobs: True 
Company Name: Zip | Description: The future of B2B spend | Company Website: ziphq.com | Available Jobs: True 
Company Name: Modern Health | Description: A mental health benefits platform for employers. | Company Website: modernhealth.com | Available Jobs: True 
Company Name: Teleport | Description: The easiest, most secure way to access all your infrastructure | Company Website: goteleport.com | Available Jobs: True 
Company Name: Boom | Description: Mainstream supersonic passenger airplanes. | Company Website: boomsupersonic.com | Available Jobs: True 
Company Name: Titan | Description: Titan is the "Fidelity for millennials and Gen Z." | Company Website: titan.com | Available Jobs: True 
Company Name: SmartAsset | Description: Marketplace connecting consumers to financial advisors | Company Website: smartasset.com | Available Jobs: True 
Company Name: People.ai | Description: Harnesses business activity to unlock growth. | Company Website: people.ai | Available Jobs: True 
Company Name: Sendbird | Description: Conversations platform for mobile apps | Company Website: sendbird.com | Available Jobs: True 
Company Name: Mixpanel | Description: Product analytics to help convert, engage, and retain more users. | Company Website: mixpanel.com | Available Jobs: True 
Company Name: Vendr.com | Description: The SaaS buying platform. | Company Website: vendr.com | Available Jobs: True 
Company Name: Human Interest | Description: The 401(k) for small and medium-sized businesses. | Company Website: humaninterest.com | Available Jobs: True 
Company Name: Function of Beauty | Description: Customizable beauty for hair, skin, and body care products. | Company Website: functionofbeauty.com | Available Jobs: True 
Company Name: Ajaib | Description: Consumer fintech for Indonesia | Company Website: ajaib.co.id | Available Jobs: True 
Company Name: Standard Cognition | Description: AI-powered checkout for retail. | Company Website: standard.ai | Available Jobs: True 
Company Name: BillionToOne | Description: The genetic testing platform detecting and measuring disease. | Company Website: billiontoone.com | Available Jobs: True 
Company Name: Twitch | Description: A global community creating the future of live entertainment. | Company Website: twitch.com | Available Jobs: True 
Company Name: Heap | Description: Captures user interactions with no code to generate analytics. | Company Website: heap.io | Available Jobs: True 
Company Name: Frubana Inc | Description: The everything store for restaurants in LATAM. | Company Website: frubana.com | Available Jobs: True 
Company Name: Apollo.io | Description: Apollo is the foundation of your entire go-to-market strategy. | Company Website: apollo.io | Available Jobs: True 
Company Name: PlanGrid | Description: Mobile applications for the construction industry. | Company Website: plangrid.com | Available Jobs: True 
Company Name: Zepto | Description: 10-Minute Grocery Delivery in India | Company Website: zeptonow.com | Available Jobs: True 
Company Name: Nowports | Description: The core engine of supply chain in LATAM | Company Website: nowports.com | Available Jobs: True 
Company Name: Fountain | Description: Talent acquisition platform for hiring hourly workers | Company Website: fountain.com | Available Jobs: True 
Company Name: Replit | Description: Collaborative in-browser IDE  | Company Website: replit.com | Available Jobs: True 
Company Name: AtoB | Description: Rebuilding global transportation payments. | Company Website: atob.com | Available Jobs: True 
Company Name: Observe.AI | Description: Contact center AI platform. | Company Website: observe.ai | Available Jobs: True 
Company Name: Middesk | Description: We help B2B financial service companies verify business customers | Company Website: middesk.com | Available Jobs: True 
Company Name: Squire Technologies | Description: Platform to grow your barbershop and maximize profitability. | Company Website: getsquire.com | Available Jobs: True 
Company Name: H1 | Description: Connecting stakeholders across the healthcare ecosystem. | Company Website: h1.co | Available Jobs: True 
Company Name: Kalshi | Description: 1st federally regulated exchange where people can trade on events | Company Website: kalshi.com | Available Jobs: True 
Company Name: Bellabeat | Description: Tech-powered women's wellness. | Company Website: bellabeat.com | Available Jobs: True 
Company Name: Tempo | Description: Live home fitness training powered by computer vision. | Company Website: tempo.fit | Available Jobs: True 
Company Name: Gather | Description: Building a better way to meet online. | Company Website: gather.town | Available Jobs: True 
Company Name: Supabase | Description: Build in a weekend. Scale to billions. | Company Website: supabase.com | Available Jobs: True 
Company Name: Panorama Education | Description: Improving education for every student. | Company Website: panoramaed.com | Available Jobs: True 
Company Name: Rescale | Description: High Performance Computing Built for the Cloud | Company Website: rescale.com | Available Jobs: True 
Company Name: Goldbelly | Description: Empowering restaurants and small food makers to ship nationwide. | Company Website: goldbelly.com | Available Jobs: True 
Company Name: Shipper | Description: Southeast Asia‚Äôs e-commerce logistics and enablement platform | Company Website: shipper.id | Available Jobs: True 
Company Name: 99minutos | Description: The fastest shipping for online shopping  | Company Website: 99minutos.com | Available Jobs: True 
Company Name: Substack | Description: A place for independent writing. | Company Website: substack.com | Available Jobs: True 
Company Name: Postscript | Description: The SMS marketing platform for e-commerce merchants | Company Website: postscript.io | Available Jobs: True 
Company Name: Khatabook | Description: Manage your business and personal ledgers on your phone and computer. | Company Website: khatabook.com | Available Jobs: True 
Company Name: Mutiny | Description: Uses AI and data to convert website visitors into customers | Company Website: mutinyhq.com | Available Jobs: True 
Company Name: CareRev | Description: Connecting Healthcare Professionals With Flexible, Local Shifts | Company Website: carerev.com | Available Jobs: True 
Company Name: TRM Labs | Description: TRM is building a safer financial system for billions of people. | Company Website: trmlabs.com | Available Jobs: True 
Company Name: Shogun | Description: Shogun empowers brands to create exceptional ecommerce experience. | Company Website: getshogun.com | Available Jobs: True 
Company Name: Instawork | Description: Flexible staffing solution for hourly workers and hospitality | Company Website: instawork.com | Available Jobs: True 
Company Name: FAZZ | Description: All-in-one Finance for Every Southeast Asia Business | Company Website: fazzfinancial.com | Available Jobs: True 
Company Name: Vouch | Description: Insurance and risk management tools for startups. | Company Website: vouch.us | Available Jobs: True 
Company Name: Lever | Description: Lever is a Talent Acquisition Suite that combines ATS + Talent CRM | Company Website: lever.co | Available Jobs: True 
Company Name: The Athletic | Description: Subscription sports media. | Company Website: theathletic.com | Available Jobs: True 
Company Name: Jerry | Description: A super app for saving time and money on car expenses. | Company Website: getjerry.com | Available Jobs: True 
Company Name: Codecademy | Description: The leading online learning platform for technical skills. | Company Website: codecademy.com | Available Jobs: True 
Company Name: Alpaca | Description: API-first stock and crypto brokerage platform | Company Website: alpaca.markets | Available Jobs: True 
Company Name: Promise | Description: A modern payment processing platform focused on government agencies. | Company Website: promise-pay.com | Available Jobs: True 
Company Name: Gecko Robotics | Description: Robots that mine physical data to predict when things break. | Company Website: geckorobotics.com | Available Jobs: True 
Company Name: SingleStore | Description: The cloud-native, operational database built for speed and scale. | Company Website: singlestore.com | Available Jobs: True 
Company Name: Shef | Description: Marketplace for homemade food | Company Website: shef.com | Available Jobs: True 
Company Name: Spenmo | Description: Manage all business payables in one dashboard | Company Website: spenmo.com | Available Jobs: True 
Company Name: Clear | Description: Fintech SaaS platform for invoices, taxes, wealth management & credit. | Company Website: clear.in | Available Jobs: True 
Company Name: Moxion Power Co. | Description: All-Electric Mobile Power | Company Website: moxionpower.com | Available Jobs: True 
Company Name: May Mobility | Description: Transforming cities with self-driving shuttles. | Company Website: maymobility.com | Available Jobs: True 
Company Name: Bitrise | Description: Hosted Continuous Integration and Delivery for mobile apps | Company Website: bitrise.io | Available Jobs: True 
Company Name: Let's Do This | Description: marketplace for endurance events | Company Website: letsdothis.com | Available Jobs: True 
Company Name: Hightouch | Description: Sync data from your warehouse into the tools your business teams rely‚Ä¶ | Company Website: hightouch.com | Available Jobs: True 
Company Name: Sendwave | Description: Instant, no fee international remittances. | Company Website: sendwave.com | Available Jobs: True 
Company Name: Ridecell | Description: Fleet Transformation Cloud: maximize üå±üåé fleet usage, not just data! | Company Website: ridecell.com | Available Jobs: True 
Company Name: Superside | Description: SaaS - Creative Project Management Tool | Company Website: superside.com | Available Jobs: True 
Company Name: Clever | Description: The platform that powers technology in the classroom. | Company Website: clever.com | Available Jobs: True 
Company Name: Scribd | Description: World's largest online library. | Company Website: scribd.com | Available Jobs: True 
Company Name: Atomwise | Description: Artificial intelligence for drug discovery. | Company Website: atomwise.com | Available Jobs: True 
Company Name: Odeko | Description: Our operations software makes it easier to run--and grow--your cafe | Company Website: odeko.com | Available Jobs: True 
Company Name: PicnicHealth | Description: Empowering Patients for Deep Real World Data | Company Website: picnichealth.com | Available Jobs: True 
Company Name: OpenPhone | Description: The all-in-one business phone for teams. | Company Website: openphone.com | Available Jobs: True 
Company Name: FightCamp | Description: Home boxing gym with motion trackers that compute punches and reps.  | Company Website: joinfightcamp.com | Available Jobs: True 
Company Name: Routable | Description: Simplifying payouts at scale | Company Website: routable.com | Available Jobs: True 
Company Name: Snackpass | Description: Order ahead at restaurants and get rewards with friends. | Company Website: snackpass.co | Available Jobs: True 
Company Name: Stacks | Description: Stacks is a Bitcoin layer for smart contracts. | Company Website: stacks.co | Available Jobs: True 
Company Name: Kovi | Description: Making car ownership more inclusive, flexible and simple. | Company Website: kovi.com.br | Available Jobs: True 
Company Name: Nobell Foods | Description: Cheese and dairy products from plant-derived dairy proteins | Company Website: nobellfoods.com | Available Jobs: True 
Company Name: InfluxData | Description: The platform for building and operating time series applications. | Company Website: influxdata.com | Available Jobs: True 
Company Name: Lob | Description: Automates and simplifies direct mail and address verification. | Company Website: lob.com | Available Jobs: True 
Company Name: Career Karma | Description: Helps job training programs find qualified applicants. | Company Website: careerkarma.com | Available Jobs: True 
Company Name: Instabug | Description: Mobile Apps Observability and Performance Monitoring Platform | Company Website: instabug.com | Available Jobs: True 
Company Name: VergeSense | Description: AI-Powered Building Management | Company Website: vergesense.com | Available Jobs: True 
Company Name: Permutive | Description: Rebuilding data in advertising to protect privacy | Company Website: permutive.com | Available Jobs: True 
Company Name: Eight Sleep | Description: The sleep fitness company. | Company Website: eightsleep.com | Available Jobs: True 
Company Name: Mezmo | Description: Observability platform to control all of your log data | Company Website: mezmo.com | Available Jobs: True 
Company Name: Lively, Inc. | Description: A modern health savings account (HSA) for employers and individuals.  | Company Website: livelyme.com | Available Jobs: True 
Company Name: Pachama | Description: Restoring nature to solve climate change. | Company Website: pachama.com | Available Jobs: True 
Company Name: HackerRank | Description: Accelerate the World's Innovation  | Company Website: hackerrank.com | Available Jobs: True 
Company Name: SRTX | Description: Powering a better future for textiles. | Company Website: srtxlabs.com | Available Jobs: True 
Company Name: Balance | Description: The first B2B Checkout Platform | Company Website: getbalance.com | Available Jobs: True 
Company Name: Ledger Investing | Description: Marketplace for insurance securitization. | Company Website: ledgerinvesting.com | Available Jobs: True 
Company Name: Caper | Description: Plug-and-play cashier-less retail powered by computer vision and AI | Company Website: caper.ai | Available Jobs: True 
Company Name: Joy | Description: The platform for all your life events. | Company Website: withjoy.com | Available Jobs: True 
Company Name: Delphia | Description: A quantitative investment strategy anyone can improve with their data. | Company Website: delphia.com | Available Jobs: True 
Company Name: Duffel | Description: APIs for searching, booking, and managing flights. | Company Website: duffel.com | Available Jobs: True 
Company Name: Plate IQ | Description: Seamless restaurant operations. We are redefining how restaurants‚Ä¶ | Company Website: plateiq.com | Available Jobs: True 
Company Name: Torch | Description:  | Company Website: torch.io | Available Jobs: True 
Company Name: Mattermost | Description: Open source developer collaboration platform | Company Website: mattermost.com | Available Jobs: True 
Company Name: Drip Capital | Description: Digital trade financing for small businesses | Company Website: dripcapital.com | Available Jobs: True 
Company Name: Iron Ox | Description: To make food a renewable resource, for everyone | Company Website: ironox.com | Available Jobs: True 
Company Name: RevenueCat | Description: Developer tools to easily build in-app purchases and subscriptions. | Company Website: revenuecat.com | Available Jobs: True 
Company Name: Machine Zone | Description: Pioneers of mobile social gaming. | Company Website: mz.com | Available Jobs: True 
Company Name: Super | Description: Super is the first and leading Indonesian social commerce platform  | Company Website: superapp.id | Available Jobs: True 
Company Name: Proxy | Description: Web3 Identity Wallet | Company Website: proxy.com | Available Jobs: True 
Company Name: Nova Credit | Description: API for global consumer credit information. | Company Website: novacredit.com | Available Jobs: True 
Company Name: Platzi | Description: Latin America's School of Technology | Company Website: platzi.com | Available Jobs: True 
Company Name: Karat Financial | Description: Better financial services for creators | Company Website: trykarat.com | Available Jobs: True 
Company Name: Dover | Description: Build your recruiting engine. | Company Website: dover.com | Available Jobs: True 
Company Name: Burrow | Description: A furniture brand creating award winning, innovative designs. | Company Website: burrow.com | Available Jobs: True 
Company Name: Asher Bio | Description: We build better immunotherapies | Company Website: asherbio.com | Available Jobs: True 
Company Name: OkCredit | Description: Simple and secure bookkeeping for Indian businesses. | Company Website: okcredit.in | Available Jobs: True 
Company Name: UpKeep | Description: Mobile-first software for maintenance teams. | Company Website: upkeep.com | Available Jobs: True 
Company Name: Optimizely | Description: Deliver relevant experiences driven by experimentation and data. | Company Website: optimizely.com | Available Jobs: True 
Company Name: Fondeadora | Description: We are connecting every single Mexican to the financial system. | Company Website: fondeadora.com | Available Jobs: True 
Company Name: Ophelia | Description: Medication & support to beat opioid addiction from home | Company Website: ophelia.com | Available Jobs: True 
Company Name: WePay | Description: Payments for platform businesses. | Company Website: wepay.com | Available Jobs: True 
Company Name: TrueNorth | Description: TrueNorth gives truckers a single place to manage their business. | Company Website: truenorthfleet.com | Available Jobs: True 
Company Name: Ribbon Health | Description: Health enterprise API for data on doctors, insurance, costs, & quality | Company Website: ribbonhealth.com | Available Jobs: True 
Company Name: Atlas | Description: The first charge card for modern explorers. | Company Website: atlascard.com | Available Jobs: True 
Company Name: Deepgram | Description: Speech API for large scale, fast, and accurate voice transcription. | Company Website: deepgram.com | Available Jobs: True 
Company Name: Culture Biosciences | Description: We grow cells for biotech companies. | Company Website: culturebiosciences.com | Available Jobs: True 
Company Name: Tovala | Description: A smart-oven-paired subscription meal service. | Company Website: tovala.com | Available Jobs: True 
Company Name: Weebly | Description: Build a free website that grows with your business. | Company Website: weebly.com | Available Jobs: True 
Company Name: Sqreen | Description: Sqreen is the application security platform for the modern enterprise | Company Website: sqreen.com | Available Jobs: True 
Company Name: CoreOS | Description: Open source tools of modern distributed systems. | Company Website: coreos.com | Available Jobs: False 
Company Name: Bloom Institute of Technology | Description: The online coding school that invests in you. | Company Website: bloomtech.com | Available Jobs: True 
Company Name: Convictional | Description: Connect the world's trading partners | Company Website: convictional.com | Available Jobs: True 
Company Name: QuickNode | Description: Tools & infra to build and scale high-quality blockchain applications. | Company Website: quicknode.com | Available Jobs: True 
Company Name: STARK BANK | Description: Challenger bank for enterprises | Company Website: starkbank.com | Available Jobs: True 
Company Name: Breadfast | Description: Breadfast is your one-stop shop for all grocery needs in 60 mins. | Company Website: breadfast.com | Available Jobs: True 
Company Name: Heroku | Description: Enabling developers to build and run applications in the cloud. | Company Website: heroku.com | Available Jobs: True 
Company Name: Bear Flag Robotics | Description: Bear Flag Robotics is developing autonomous driving technology for‚Ä¶ | Company Website: bearflagrobotics.com | Available Jobs: True 
Company Name: Spruce Systems, Inc. | Description: Spruce lets users control their data across the web. | Company Website: spruceid.com | Available Jobs: True 
Company Name: Nuvocargo | Description: Your all-in-one digital platform for trade across the Americas | Company Website: nuvocargo.com | Available Jobs: True 
Company Name: Pulley | Description: Helping startups get the most out of their equity | Company Website: pulley.com | Available Jobs: True 
Company Name: Cambly | Description: On-demand access to English tutors over video chat. | Company Website: cambly.com | Available Jobs: True 
Company Name: Verge Genomics | Description: We find drugs to treat brain diseases 1000x more cheaply and quickly | Company Website: vergegenomics.com | Available Jobs: True 
Company Name: Quit Genius | Description: The world's first digital clinic for substance addictions | Company Website: quitgenius.com | Available Jobs: True 
Company Name: Qventus | Description: We automate operations for hospitals and health systems | Company Website: qventus.com | Available Jobs: True 
Company Name: Reliance Health | Description: We make healthcare in emerging markets affordable and accessible | Company Website: getreliancehealth.com | Available Jobs: True 
Company Name: Guesty | Description: The management platform for the short term rental industry. | Company Website: guesty.com | Available Jobs: True 
Company Name: Endpoint Health | Description: Precision-first therapies | Company Website: endpointhealth.com | Available Jobs: True 
Company Name: Convex | Description: Software for the commercial services industry.  | Company Website: convex.com | Available Jobs: True 
Company Name: Avo | Description: Online convenience store for residential and office buildings | Company Website: avonow.com | Available Jobs: True 
Company Name: HelloSign | Description: eSignature software for small and mid-market businesses. | Company Website: hellosign.com | Available Jobs: True 
Company Name: Aspire | Description: All-in-one Finance OS for businesses | Company Website: aspireapp.com | Available Jobs: True 
Company Name: Embrace | Description: The only observability platform purpose-built for mobile. | Company Website: embrace.io | Available Jobs: True 
Company Name: Armory | Description: Continuous deployment at enterprise scale | Company Website: armory.io | Available Jobs: True 
Company Name: LAIKA | Description: Online pets supplies for Latin America with over 4000 products & 20‚Ä¶ | Company Website: laika.com.co | Available Jobs: True 
Company Name: Nash | Description: The easiest way for any business to offer delivery | Company Website: usenash.com | Available Jobs: True 
Company Name: Daily | Description: WebRTC video and audio APIs for every developer | Company Website: daily.co | Available Jobs: True 
Company Name: Maker AI | Description: High quality, on-demand content studio | Company Website: maker.ai | Available Jobs: True 
Company Name: Submittable | Description: The best way to launch, manage and measure social impact programs | Company Website: submittable.com | Available Jobs: True 
Company Name: WorkRamp | Description: The All-in-One Learning Platform  | Company Website: workramp.com | Available Jobs: True 
Company Name: Curebase | Description: End-to-end clinical trial execution built on cutting-edge software. | Company Website: curebase.com | Available Jobs: True 
Company Name: Ambient.ai | Description: AI-powered environments that are safe, efficient, and sustainable. | Company Website: ambient.ai | Available Jobs: True 
Company Name: Pachyderm | Description: Data Versioning, Data Pipelines, and Data Lineage | Company Website: pachyderm.com | Available Jobs: True 
Company Name: Redcliffe Lifetech | Description: Redcliffe Labs is India's Largest Omni-channel Diagnostics platform  | Company Website: redcliffelabs.com | Available Jobs: True 
Company Name: GiveCampus | Description: GiveCampus is the fundraising platform for schools. | Company Website: go.givecampus.com | Available Jobs: True 
Company Name: BukuWarung | Description: Accounting & Payments app for 60M micro-businesses in Indonesia | Company Website: bukuwarung.com/app | Available Jobs: True 
Company Name: Unbabel | Description: AI-powered Language Operations platform | Company Website: unbabel.com | Available Jobs: True 
Company Name: Netomi | Description: Self-Driving Customer Care | Company Website: netomi.com | Available Jobs: True 
Company Name: Memora Health | Description: Digitize and Automate Complex Care Workflows | Company Website: memorahealth.com | Available Jobs: True 
Company Name: Dagger | Description: The devops operating system | Company Website: dagger.io | Available Jobs: True 
Company Name: Gordian Software | Description: Building software to remove friction in air travel | Company Website: gordiansoftware.com | Available Jobs: True 
Company Name: Axoni | Description: Blockchain tech for capital markets. | Company Website: axoni.com | Available Jobs: True 
Company Name: Feather | Description: Furniture rental for consumers and businesses. | Company Website: livefeather.com | Available Jobs: True 
Company Name: Compound | Description: Compound is a wealth manager for people who work at tech companies.  | Company Website: withcompound.com | Available Jobs: True 
Company Name: Ansa Biotechnologies | Description: Next-generation DNA synthesis using enzymes | Company Website: ansabio.com | Available Jobs: True 
Company Name: Cashfree Payments | Description: Next-gen digital payments provider for India. | Company Website: cashfree.com | Available Jobs: True 
Company Name: Bitmovin | Description: Powers OTT online video providers with video developer tools. | Company Website: bitmovin.com | Available Jobs: True 
Company Name: Eden | Description: People success, workplace, and IT software | Company Website: edenworkplace.com | Available Jobs: True 
Company Name: Fintual | Description: Wealth manager | Company Website: fintual.com | Available Jobs: True 
Company Name: OpenInvest | Description: Technology-enabled asset manager providing ESG-focused investments. | Company Website: openinvest.com | Available Jobs: True 
Company Name: Modern Fertility | Description: Modern Fertility is an at-home fertility test for women who aren't‚Ä¶ | Company Website: modernfertility.com | Available Jobs: True 
Company Name: Cognito | Description: Frictionless, modern identity verification that starts with just a‚Ä¶ | Company Website: cognitohq.com | Available Jobs: True 
Company Name: AssemblyAI | Description: APIs for AI models | Company Website: assemblyai.com | Available Jobs: True 
Company Name: Fly.io | Description: Run full stack apps close to your users. | Company Website: fly.io | Available Jobs: True 
Company Name: SafetyWing | Description: Global social safety net for remote workers | Company Website: safetywing.com | Available Jobs: True 
Company Name: Apto Payments | Description: API platform for partners to issue branded debit and credit cards to‚Ä¶ | Company Website: aptopayments.com | Available Jobs: True 
Company Name: Ramen VR | Description: Have you heard of Ready Player One?  We're building it for real people | Company Website: ramenvr.com | Available Jobs: True 
Company Name: Rutter | Description: The Universal API for commerce | Company Website: rutterapi.com | Available Jobs: True 
Company Name: Osmind | Description: Platform for breakthrough mental health research and treatment | Company Website: osmind.org | Available Jobs: True 
Company Name: Eclipse Foods | Description: Eclipse Foods is building the future of dairy using micelles, the‚Ä¶ | Company Website: eclipsefoods.com | Available Jobs: True 
Company Name: Houm | Description: All-in-one real estate marketplace for Latin America | Company Website: houm.com | Available Jobs: True 
Company Name: Paystack | Description: Modern payments infrastructure for Africa | Company Website: paystack.com | Available Jobs: True 
Company Name: 64x Bio | Description: High throughput design of cells for therapeutics applications. | Company Website: 64xbio.com | Available Jobs: True 
Company Name: Slash | Description: The bank for young solo entrepreneurs. | Company Website: joinslash.com | Available Jobs: True 
Company Name: Validere | Description: A carbon MRV solution for energy and hard-to-abate sectors | Company Website: validere.com | Available Jobs: True 
Company Name: DrChrono | Description: The essential platform for modern medical practices and patients. | Company Website: drchrono.com | Available Jobs: True 
Company Name: STOKE Space Technologies | Description: Seamlessly connecting earth and space | Company Website: stokespace.com | Available Jobs: True 
Company Name: Mighty Buildings | Description: 3D printing beautiful, high-quality, and sustainable homes. | Company Website: mightybuildings.com | Available Jobs: True 
Company Name: Culdesac | Description: We build cities for people, not cars.  | Company Website: culdesac.com | Available Jobs: True 
Company Name: Localyze | Description: Global mobility platform for companies and employees. | Company Website: localyze.com | Available Jobs: True 
Company Name: Treinta | Description: Digital ledger App for Latam microbusinesses | Company Website: treinta.co | Available Jobs: True 
Company Name: MarqVision | Description: The IP operating system for managing, protecting and licensing IPs | Company Website: marqvision.com | Available Jobs: True 
Company Name: Omgpop | Description:  | Company Website: omgpop.com | Available Jobs: False 
Company Name: Remora | Description: Carbon capture for semi-trucks | Company Website: remoracarbon.com | Available Jobs: True 
Company Name: Ashby | Description: All-in-one recruiting software for high growth companies | Company Website: ashbyhq.com | Available Jobs: True 
Company Name: 54Gene | Description: Precision medicine for Africans and the global population | Company Website: 54gene.com | Available Jobs: True 
Company Name: Kobo360 | Description: Africa's leading supply chain technology platform | Company Website: kobo360.com | Available Jobs: True 
Company Name: Curri | Description: Platform for construction & industrial logistics. | Company Website: curri.com | Available Jobs: True 
Company Name: Soomgo | Description: Local services marketplace that connects providers with new customers | Company Website: soomgo.com | Available Jobs: True 
Company Name: Shelf Engine | Description: Transforms how grocery stores buy highly perishable foods. | Company Website: shelfengine.com | Available Jobs: True 
Company Name: Yassir | Description: Yassir is the leading Super App for French Speaking Africa | Company Website: yassir.com | Available Jobs: True 
Company Name: Yummy | Description: SuperApp for users and merchants in LATAM  | Company Website: apps.apple.com/us/app/yummy-venezuela/id1506748350 | Available Jobs: True 
Company Name: Doppler | Description: The first SecretOps Platform. | Company Website: doppler.com | Available Jobs: True 
Company Name: Wefunder | Description: We're Robinhood for pre-IPO startups. Everyone can invest $100. | Company Website: wefunder.com | Available Jobs: True 
Company Name: GitPrime | Description: Visibility and analytics for software development leaders. | Company Website: gitprime.com | Available Jobs: False 
Company Name: ZeroDown | Description: Find beautiful homes | Company Website: zerodown.com | Available Jobs: False 
Company Name: Snappr | Description: Snappr is the one-stop-shop for visual content creation | Company Website: snappr.com | Available Jobs: True 
Company Name: Meru Health | Description: An online provider for greater mental health | Company Website: meruhealth.com | Available Jobs: True 
Company Name: Notable Labs | Description: Personalized drug discovery for blood cancer. | Company Website: notablelabs.com | Available Jobs: True 
Company Name: REGENT | Description: Electric boat-planes for fast, affordable regional transportation | Company Website: regentcraft.com | Available Jobs: True 
Company Name: Science Exchange | Description: Powering scientific outsourcing | Company Website: scienceexchange.com | Available Jobs: True 
Company Name: Belvo | Description: Open Finance API platform for Latam. | Company Website: belvo.com | Available Jobs: True 
Company Name: BeGo | Description: BeGo Connects cargo shippers with truck suppliers in Mexico and US | Company Website: bego.ai | Available Jobs: True 
Company Name: Moonshot Brands | Description: Buy and grow profitable e-commerce companies selling on Amazon and DTC | Company Website: moonshotbrands.com | Available Jobs: True 
Company Name: Landed | Description: Tools to build financial security for people with essential jobs | Company Website: landed.com | Available Jobs: True 
Company Name: PayMongo | Description: Modern online payments for the Philippines | Company Website: paymongo.com | Available Jobs: True 
Company Name: Volley | Description: Voice-controlled games on smart speakers, TVs, and mobile | Company Website: volleythat.com | Available Jobs: True 
Company Name: Roboflow | Description: üñºÔ∏è Give your software the sense of sight. | Company Website: roboflow.com | Available Jobs: True 
Company Name: treble.ai | Description: We help companies scale marketing through WhatsApp | Company Website: treble.ai | Available Jobs: True 
Company Name: PostHog | Description: Open source product analytics, self-hosted or in the cloud. | Company Website: posthog.com | Available Jobs: True 
Company Name: FutureAdvisor | Description: The online financial management service for everyone. | Company Website: futureadvisor.com | Available Jobs: False 
Company Name: Legacy | Description: Legacy helps you test, improve, and freeze your sperm | Company Website: givelegacy.com | Available Jobs: True 
Company Name: Rainbow | Description: Open-source, design centric software for interacting with blockchains | Company Website: rainbow.me | Available Jobs: True 
Company Name: clicOH | Description: Amazon level logistics for ecommerce companies in Latam | Company Website: clicoh.com | Available Jobs: True 
Company Name: Reach Labs | Description: Long range, wireless energy distribution that scales | Company Website: reachlabs.co | Available Jobs: True 
Company Name: Depict | Description: Amazon-quality product recommendations for any e-commerce store | Company Website: depict.ai | Available Jobs: True 
Company Name: Nomba | Description: Banking and payment services for small businesses in Nigeria | Company Website: nomba.com | Available Jobs: True 
Company Name: FamPay | Description: India‚Äôs first neobank for teenagers | Company Website: fampay.in | Available Jobs: True 
Company Name: SFOX | Description: Crypto-currency trading platform. | Company Website: sfox.com | Available Jobs: True 
Company Name: Recurrency | Description: Automated ERP for distributors. | Company Website: recurrency.com | Available Jobs: True 
Company Name: Karbon Card | Description: Corporate Card solution for Indian businesses | Company Website: karboncard.com | Available Jobs: True 
